building,status,type,train_hours,test_hours,excluded_test_days,train_sec,forecast_origin,timezone,contracted_capacity_kw,optimizer_iterations,reached_iteration_limit,versions,mean_kw,max_kw,mae_kw,rmse_kw,r2,wape_pct,heuristic_coverage_pct,heuristic_exceedance_hours,previous_day_wape_pct,previous_week_wape_pct
Wolf_retail_Marcella,EVALUATED,Retail,8424,8568,8,1.92,local midnight; all 24 hours; observed inputs strictly before origin,Europe/Dublin,,224,False,"{'python': '3.12.10', 'numpy': '2.4.6', 'pandas': '3.0.3', 'scikit_learn': '1.9.0'}",6.764957107843138,20.235,1.8722855471273496,2.704493593920586,0.21055314839813533,27.676236778451475,95.96171802054155,346,32.55586479470375,34.81409700925099
Panther_retail_Lester,EVALUATED,Retail,8424,8328,18,1.54,local midnight; all 24 hours; observed inputs strictly before origin,US/Eastern,,184,False,"{'python': '3.12.10', 'numpy': '2.4.6', 'pandas': '3.0.3', 'scikit_learn': '1.9.0'}",6.7639478746397685,24.8618,1.8921633311913257,2.7622516511807462,0.6813717836177505,27.974244720094,94.75264169068204,437,19.830366745696626,26.79945053021057
Panther_retail_Kristina,EVALUATED,Retail,8424,8328,18,1.08,local midnight; all 24 hours; observed inputs strictly before origin,US/Eastern,,135,False,"{'python': '3.12.10', 'numpy': '2.4.6', 'pandas': '3.0.3', 'scikit_learn': '1.9.0'}",32.154268275696445,79.6884,3.5971132581955967,6.318626599867407,0.8583450395533436,11.187047477968724,100.0,0,21.859643245702483,17.543530058323515
Panther_retail_Felix,EVALUATED,Retail,8328,8328,18,1.24,local midnight; all 24 hours; observed inputs strictly before origin,US/Eastern,,141,False,"{'python': '3.12.10', 'numpy': '2.4.6', 'pandas': '3.0.3', 'scikit_learn': '1.9.0'}",112.91727425552354,210.2726,10.955548754356295,14.421499545508699,0.8880576106004279,9.702278793557033,100.0,0,10.924906558028027,16.551487126849153
Wolf_retail_Toshia,EVALUATED,Retail,8424,8568,8,2.39,local midnight; all 24 hours; observed inputs strictly before origin,Europe/Dublin,,300,True,"{'python': '3.12.10', 'numpy': '2.4.6', 'pandas': '3.0.3', 'scikit_learn': '1.9.0'}",70.91112307422969,203.165,19.039214812557514,30.755743463375953,0.6195246214699597,26.84940526555655,96.11344537815127,333,32.22909413113999,35.94664684463903
Fox_food_Francesco,EVALUATED,Food sales and service,8136,8568,8,2.31,local midnight; all 24 hours; observed inputs strictly before origin,US/Mountain,,300,True,"{'python': '3.12.10', 'numpy': '2.4.6', 'pandas': '3.0.3', 'scikit_learn': '1.9.0'}",62.61365429505136,134.19,6.133408626535613,9.367266796322141,0.8496772931561661,9.795640736177834,98.27264239028945,148,12.083470098324842,17.22286376749179
Fox_food_Scott,EVALUATED,Food sales and service,8328,8568,8,1.56,local midnight; all 24 hours; observed inputs strictly before origin,US/Mountain,,189,False,"{'python': '3.12.10', 'numpy': '2.4.6', 'pandas': '3.0.3', 'scikit_learn': '1.9.0'}",74.59653127917834,156.38,6.857145197096267,10.14485462464346,0.871952552678701,9.192311062606016,99.14799253034548,73,11.593375930785328,13.202112741328593
Hog_food_Morgan,EVALUATED,Food sales and service,8424,8568,8,1.07,local midnight; all 24 hours; observed inputs strictly before origin,US/Central,,136,False,"{'python': '3.12.10', 'numpy': '2.4.6', 'pandas': '3.0.3', 'scikit_learn': '1.9.0'}",63.98742308590102,145.25799999999995,4.874051881678089,8.005252089532519,0.9241643755997931,7.617202954297494,99.68487394957984,27,8.929388462103335,13.69570884375236
Panther_office_Hannah,EVALUATED,Office,8424,8328,18,1.54,local midnight; all 24 hours; observed inputs strictly before origin,US/Eastern,,188,False,"{'python': '3.12.10', 'numpy': '2.4.6', 'pandas': '3.0.3', 'scikit_learn': '1.9.0'}",5.990687764169069,27.7704,1.7072977318405218,2.4700288627745084,0.5225910867282157,28.499194066698795,99.06340057636888,78,33.334559954249514,33.63026525817286
Panther_lodging_Russell,EVALUATED,Lodging/residential,8424,8328,18,2.02,local midnight; all 24 hours; observed inputs strictly before origin,US/Eastern,,248,False,"{'python': '3.12.10', 'numpy': '2.4.6', 'pandas': '3.0.3', 'scikit_learn': '1.9.0'}",40.011552593659935,83.6561,4.376189042868535,5.902737656626465,0.7051057446418566,10.937313748634606,99.98799231508166,1,8.722145840383936,18.220660903621706
