building,method,month,baseline_energy_eur,replayed_energy_eur,feasible_days,excluded_days,energy_difference_eur
Lamb_office_Peggy,perfect_foresight,2017-01,206.679696,182.807096,23,0,23.872600000000006
Lamb_office_Peggy,perfect_foresight,2017-02,88.30752000000001,60.675520000000006,22,0,27.632000000000005
Lamb_office_Peggy,perfect_foresight,2017-03,0.005236,0.005236,11,0,0.0
Lamb_office_Peggy,perfect_foresight,2017-04,0.013328000000000001,0.013328000000000001,28,0,0.0
Lamb_office_Peggy,perfect_foresight,2017-05,0.014756,0.014756,31,0,0.0
Lamb_office_Peggy,perfect_foresight,2017-06,0.014280000000000001,0.014280000000000001,30,0,0.0
Lamb_office_Peggy,perfect_foresight,2017-07,0.014756,0.014756,31,0,0.0
Lamb_office_Peggy,perfect_foresight,2017-08,0.014756,0.014756,31,0,0.0
Lamb_office_Peggy,perfect_foresight,2017-09,0.014280000000000001,0.014280000000000001,30,0,0.0
Lamb_office_Peggy,perfect_foresight,2017-10,0.013328000000000001,0.013328000000000001,28,0,0.0
Lamb_office_Peggy,perfect_foresight,2017-11,11.747900000000001,7.7027,28,0,4.045200000000001
Lamb_office_Peggy,perfect_foresight,2017-12,127.8904,84.3152,31,0,43.575199999999995
Panther_retail_Lester,perfect_foresight,2017-01,340.652604,271.887134,31,0,68.76547
Panther_retail_Lester,perfect_foresight,2017-02,228.407434,177.56956399999999,23,0,50.83787000000001
Panther_retail_Lester,perfect_foresight,2017-03,367.670322,306.796462,26,0,60.87385999999998
Panther_retail_Lester,perfect_foresight,2017-04,412.553198,340.637958,30,0,71.91523999999998
Panther_retail_Lester,perfect_foresight,2017-05,637.139494,561.392414,31,0,75.74707999999998
Panther_retail_Lester,perfect_foresight,2017-06,826.936864,769.812944,24,0,57.12392
Panther_retail_Lester,perfect_foresight,2017-07,1632.132172,1564.164972,29,0,67.96720000000005
Panther_retail_Lester,perfect_foresight,2017-08,1919.527024,1846.310624,31,0,73.21640000000002
Panther_retail_Lester,perfect_foresight,2017-09,1695.858706,1625.800306,30,0,70.05839999999989
Panther_retail_Lester,perfect_foresight,2017-10,1599.7141060000001,1526.167506,31,0,73.54660000000013
Panther_retail_Lester,perfect_foresight,2017-11,1076.48152,1017.5235200000001,25,0,58.95799999999997
Panther_retail_Lester,perfect_foresight,2017-12,1403.300754,1330.6391540000002,31,0,72.66159999999991
Wolf_retail_Marcella,perfect_foresight,2017-01,1175.1658,1100.91905,31,0,74.24675000000002
Wolf_retail_Marcella,perfect_foresight,2017-02,1036.9655,971.13325,28,0,65.83225000000004
Wolf_retail_Marcella,perfect_foresight,2017-03,960.2078,892.38055,28,0,67.82725000000005
Wolf_retail_Marcella,perfect_foresight,2017-04,873.4377,805.64965,28,0,67.78805
Wolf_retail_Marcella,perfect_foresight,2017-05,906.17285,831.3166,31,0,74.85625000000005
Wolf_retail_Marcella,perfect_foresight,2017-06,1036.7135,966.454,30,0,70.25950000000012
Wolf_retail_Marcella,perfect_foresight,2017-07,1073.72435,999.3646,31,0,74.35974999999996
Wolf_retail_Marcella,perfect_foresight,2017-08,1036.1439,961.4579,31,0,74.68600000000004
Wolf_retail_Marcella,perfect_foresight,2017-09,969.7912,897.03545,30,0,72.75575000000003
Wolf_retail_Marcella,perfect_foresight,2017-10,954.9485,886.679,28,0,68.2695
Wolf_retail_Marcella,perfect_foresight,2017-11,1027.23105,959.70055,28,0,67.53050000000007
Wolf_retail_Marcella,perfect_foresight,2017-12,1085.2182,1009.57145,31,0,75.64675
