building,method,selected_on_validation,test_hours,mae_kw,rmse_kw,wape_pct
Wolf_retail_Marcella,previous_day,False,8520,2.1944465962441315,3.3005162239388506,32.49217692520413
Wolf_retail_Marcella,previous_week,False,8520,2.350852992957747,3.465396757481953,34.8080156076995
Wolf_retail_Marcella,ridge,False,8520,1.8575340952956472,2.538819231227923,27.503666105270145
Wolf_retail_Marcella,gradient_boosting,True,8520,1.5979740702224292,2.371232386656099,23.660478364076567
Panther_retail_Lester,previous_day,False,8208,1.343606871345029,2.0763036438299625,19.83540744820896
Panther_retail_Lester,previous_week,False,8208,1.8212195784600391,2.600315684006465,26.886311138947494
Panther_retail_Lester,ridge,True,8208,1.4824091939489479,2.2126901926720826,21.8845191953455
Panther_retail_Lester,gradient_boosting,False,8208,1.6333114930586148,2.4401656557930527,24.11226054703669
Lamb_office_Peggy,previous_day,False,7776,0.04886039094650206,0.44558765657427946,18.620535664401192
Lamb_office_Peggy,previous_week,False,7776,0.11747952674897119,0.7047062957878588,44.77106456355111
Lamb_office_Peggy,ridge,True,7776,0.5559334789980859,0.8376086780966784,211.86443604294527
Lamb_office_Peggy,gradient_boosting,False,7776,2.4447944899875265,2.570219268841757,931.7032080809272
