month_num,month_name,hours,actual_kwh,pred_kwh,actual_peak_kw,pred_peak_kw,heuristic_upper_peak_kw,heuristic_coverage_pct,heuristic_exceedance_hours,mae_kw,rmse_kw,r2,wape_pct,previous_day_wape_pct,previous_week_wape_pct
1,Jan,744,5538.72,5550.650304575883,20.235,17.682763486900424,23.557240395482246,93.68279569892472,47,1.8258928071033682,2.6794802149180077,0.4151013981539088,24.526682130255832,33.60072363289713,31.363789828696888
2,Feb,672,4896.004999999999,5131.969031979845,18.54,18.71770031464587,24.808645914174136,95.68452380952381,29,1.6184545805145323,2.380246648210655,0.5604065812115688,22.21405979172337,35.655345531714126,35.328803790028815
3,Mar,672,4528.605,4782.678237388311,16.33,17.20643870335042,24.317453832973307,98.36309523809523,11,1.801320180954286,2.5475196140342367,0.29579877256951825,26.72980225922288,29.719692929721187,36.88795997884559
4,Apr,696,4442.5675,4863.15923011987,19.0325,13.55264919065457,20.256531826473047,95.11494252873564,34,2.040913919713829,3.08079817524336,-0.2907108933650615,31.974215093430203,33.24333282499366,39.12658614641195
5,May,744,4344.7675,5215.867059858563,15.8725,14.498005644313402,21.854330214668785,97.04301075268818,22,2.0638107459008426,2.812320318397707,-0.2031686232979233,35.340790846696095,38.7315316642375,36.806975286939974
6,Jun,720,4851.370000000001,4748.133874990742,19.3,16.88768557768041,22.563740239687586,93.19444444444444,49,2.2007617918465954,3.048992651990093,0.07560226039825713,32.661876750887856,30.020231398553392,37.74000952308316
7,Jul,744,5145.5225,5360.578122842857,17.7025,17.303309525704258,23.099171740735255,93.68279569892472,47,2.037716419065732,2.759034991684551,0.12567982637036146,29.46369422706644,35.810357451551326,36.85796729097967
8,Aug,744,4928.6075,5377.754475628068,16.07,15.155647780237715,22.671499960856572,97.98387096774194,15,1.7928339416727241,2.750493215938369,0.027563490246157007,27.063799513442827,36.124503726458244,36.228234851324636
9,Sep,720,4639.945000000001,4947.798350594726,15.92,15.10527641781312,20.3176141254922,96.52777777777779,25,1.7689695969839085,2.5149761564383755,0.1028854622061085,27.449853604480527,31.693910164883416,30.253591368001125
10,Oct,672,4542.0825,4800.8627918495295,16.5875,15.848235295752223,21.107410131124254,97.47023809523809,17,1.7325925481356488,2.527513805894682,0.09234359407040293,25.63366456569549,30.440717446237485,31.606096983046868
11,Nov,696,5025.13,5159.522379922953,16.3675,16.892487756613743,22.81470677374429,94.82758620689656,36,2.049286635527103,2.9579482133236334,0.17136086554132335,28.3834149231336,30.555975666301173,32.72522302905596
12,Dec,744,5078.83,5139.606941933404,16.2925,18.322741009906913,25.83859319052577,98.11827956989248,14,1.5194847278262564,2.2439511310379476,0.48029314335205964,22.258997397092138,25.39256088508574,33.61866807906546
